
<beans xmlns="http://www.springframework.org/schema/beans"
	xmlns:xsi="http://www.w3.org/2001/XMLSchema-instance" xmlns:util="http://www.springframework.org/schema/util"
	xsi:schemaLocation="
http://www.springframework.org/schema/beans http://www.springframework.org/schema/beans/spring-beans-3.0.xsd
http://www.springframework.org/schema/util http://www.springframework.org/schema/util/spring-util-3.0.xsd">


	<bean id="FormatRecognitionCtrl"
		class="it.eng.cryptoutil.file.FormatRecognitionCtrl">
		<property name="priority" value="0"></property>
	</bean>

	<bean id="UnpackCtrl"
		class="it.eng.cryptoutil.file.UnpackCtrl">
		<property name="priority" value="10"></property>
		<property name="predecessors">
			<list>
				 <ref bean="FormatRecognitionCtrl" />
			</list>
		</property>	
	</bean>
</beans>